T√≠tulo,Textos em It√°lico
√â #FAKE foto que mostra Alexandre de Moraes usando bon√© da USAID,"""O juiz fake Alexandre de Moraes √© um dos benefici√°rios da USAID!!!""
""USAID e Alexandre de Moraes: as pe√ßas est√£o se encaixando.""
Adicione nosso n√∫mero de WhatsApp

+55 (21) 97305-9827
(ap√≥s adicionar o n√∫mero, mande uma sauda√ß√£o para ser inscrito)
VEJA

outras checagens feitas pela equipe do FATO ou FAKE"
T√≠tulo n√£o encontrado,Nenhum texto em it√°lico encontrado
√â #FAKE que vinagre de √°lcool √© recomendado para combater mosquito da dengue,"Eu sou o presidente do comit√™ da dengue aqui de S√£o Miguel do Igua√ßu [Paran√°]. [...] estamos com 13.4 e n√≥s vamos ter epidemia. Ali√°s, j√° estamos em epidemia de dengue em S√£o Miguel do Igua√ßu. A√≠ eu queria deixar uma dica simples, f√°cil e barato para todos para que venham evitar a ter a dengue. Voc√™ compra um vidrinho desse aqui de vinagre, custa R$ 2, R$ 2,20.""
""Voc√™ pega esse vinagre, tem que ser o vinagre de √°lcool, e a√≠ voc√™ coloca num recipiente como este. Coloca como assim. Tu pode p√¥r meio dedo ali ou assim voc√™ pode usar tamb√©m. A√≠ voc√™ pega esse recipiente e voc√™ coloca no ch√£o. Voc√™ coloca no quarto, na sala, voc√™ coloca no local aonde tem mais prolifera√ß√£o do mosquito da dengue. Ele vai matar tanto o pernilongo da dengue, quanto o pernilongo comum.""
""Voc√™ coloca no quarto do beb√™ que n√£o pode passar veneno, a√≠ voc√™ coloca isso aqui. Todos os pernilongos que tiverem em volta, eles v√£o morrer e n√£o v√£o picar voc√™, n√£o v√£o ter que picar o teu beb√™. Assim voc√™ ter√° o qu√™? Uma qualidade de vida melhor para voc√™ e para tua fam√≠lia. Uma dica simples e barata. O vidro desse aqui de vinagre, voc√™ pode melhorar a sa√∫de tua e de teus familiares, OK
Aedes aegypti
Adicione nosso n√∫mero de WhatsApp
+55 (21) 97305-9827
(ap√≥s adicionar o n√∫mero, mande uma sauda√ß√£o para ser inscrito)"
√â #FAKE post que usa v√≠deo de Paolla Oliveira para anunciar desconto de 50% em camarote no Carnaval 2025; trata-se de golpe,"""üî•Use o c√≥digo PAOLLAOLIVEIRA e ganhe 50% de desconto no seu ingresso para o carnaval!üî•N√£o perde essa chance de curtir o melhor do carnaval comigo! Corre, o tempo t√° passando! ‚è≥ Clique em Saiba Mais ou no link da bio para garantir o seu ingresso! Obs: O cupom √© v√°lido para a compra de apenas 1 ingresso por pessoa"".
(leia mais abaixo)
(leia mais abaixo)
""A organiza√ß√£o do Camarote Arpoador refor√ßa que a Ticketmaster √© o √∫nico canal oficial de vendas de ingressos para o evento. Qualquer outro site, perfil de rede social ou vendedor oferecendo ingressos n√£o est√° autorizado e pode estar aplicando um golpe. ‚ö†Ô∏è Aten√ß√£o: Convites adquiridos fora da Ticketmaster n√£o ser√£o aceitos na entrada, independentemente da apar√™ncia ou do valor pago. Nosso sistema de seguran√ßa faz a valida√ß√£o em tempo real e bloqueia ingressos falsificados. Fraudadores est√£o clonando a identidade visual da Ticketmaster e manipulando v√≠deos de influenciadores para divulgar promo√ß√µes falsas. N√£o caia nesse golpe. O caso j√° est√° sendo investigado, e a Ticketmaster segue refor√ßando a seguran√ßa da plataforma. Para garantir seu acesso ao Camarote Arpoador, compre exclusivamente atrav√©s do site oficial da Ticketmaster""
A seguran√ßa dos f√£s √© nossa maior prioridade e investimos constantemente em tecnologia para proteg√™-los e melhorar sua experi√™ncia. Estamos cientes de golpes como o que voc√™ mencionou e, por isso, monitoramos e denunciamos ativamente sites fraudulentos, an√∫ncios e atividades suspeitas assim que tomamos conhecimento.
Infelizmente, eventos de alta demanda costumam atrair vendedores n√£o autorizados que tentam enganar os f√£s por meio de resultados enganosos em sites de buscas e ofertas fraudulentas. Embora n√£o possamos controlar essas apari√ß√µes, trabalhamos intensamente para educar os f√£s sobre como comprar com seguran√ßa.
Sempre compartilhamos links oficiais de compra e dicas de preven√ß√£o contra fraudes por meio de nossos canais oficiais de comunica√ß√£o:
Site - https://www.ticketmaster.com.br/
Instagram - https://www.instagram.com/ticketmasterbr/
Facebook - https://www.facebook.com/TicketmasterBR/
Para ajudar os f√£s a evitarem golpes, recomendamos:
- Verificar a URL do site: O √∫nico site oficial da Ticketmaster Brasil √© www.ticketmaster.com.br. Sites fraudulentos costumam usar URLs semelhantes, mas incorretas.
- Cuidado com pagamentos apenas via Pix: Se um site oferece apenas Pix e afirma ter muitos ingressos para um evento esgotado, provavelmente √© um golpe. A Ticketmaster sempre disponibiliza pagamento via cart√£o de cr√©dito para vendas online. Se o Pix for uma op√ß√£o, verifique se o destinat√°rio √© Ticketmaster Brasil e n√£o uma pessoa f√≠sica ou outra empresa.
Refor√ßamos que a compra de ingressos deve ser feita exclusivamente pelos canais oficiais. A Ticketmaster n√£o tem filia√ß√£o ou parceria com sites de revenda, e qualquer ingresso comprado fora da nossa plataforma pode ser falso, fraudulento e/ou inv√°lido, resultando na recusa de entrada no evento"".
VEJA
outras checagens feitas pela equipe do FATO ou FAKE
Adicione nosso n√∫mero de WhatsApp
+55 (21) 97305-9827
(ap√≥s adicionar o n√∫mero, mande uma sauda√ß√£o para ser inscrito)"
T√≠tulo n√£o encontrado,Nenhum texto em it√°lico encontrado
√â #FAKE que Procon obteve decis√£o para obrigar operadoras de cart√£o de cr√©dito a pagar cashback a clientes,"""Doutora, como saber se eu tenho direito a uma indeniza√ß√£o pelo cashback escondido no cart√£o?""
""Bom, vamos l√°. O Procon acaba de impor uma medida judicial contra as administradoras de cart√µes Visa, Mastercard, American Express e Hipercard por esconder mais de R$ 2 bilh√µes, quando na verdade esse dinheiro era para ter sido pago como cashback para as pessoas que utilizam cart√µes de cr√©dito e d√©bito. E muito varia de acordo com cada caso, mas pode chegar a at√© R$ 30 mil. Eu vou te explicar como acessar esse benef√≠cio"".
""Se voc√™ utiliza cart√µes de cr√©dito e d√©bito desde 2015, basta clicar no bot√£o que vai estar aqui embaixo e responder a tr√™s perguntas r√°pidas no site do Procon. Assim que forem confirmado seus dados, a atendente vai informar o valor que voc√™ tem a receber. A√≠, √© s√≥ informar a sua chave Pix, e o valor cai em at√© 30 minutos. √â simples e f√°cil"".
Voltar para o in√≠cio
Voltar para o in√≠cio
""A informa√ß√£o circulando sobre uma suposta medida judicial do Procon contra administradoras de cart√µes de cr√©dito e d√©bito, envolvendo pagamentos de cashback via Pix, √© falsa. Refor√ßamos que n√£o h√° qualquer a√ß√£o nesse sentido e recomendamos que consumidores fiquem atentos a golpes e informa√ß√µes n√£o verificadas""
""A Visa esclarece que inexiste medida judicial ou do Procon. A companhia, em seu compromisso pela seguran√ßa, alerta acerca da inveracidade dessas informa√ß√µes e recomenda cautela aos portadores, para que evitem eventuais abordagens fraudulentas"".
""A American Express nunca solicitar√° aos titulares de cart√µes que forne√ßam informa√ß√µes pessoais atrav√©s de canais n√£o oficiais e incentiva os titulares de cart√µes a permanecerem cientes de poss√≠veis golpes que possam envolver solicita√ß√µes para fornecer informa√ß√µes de suas contas e outras informa√ß√µes pessoais""
""Se mensagens sobre produtos financeiros v√™m de contatos desconhecidos ou t√™m um tom alarmante, amea√ßador ou bom demais para ser verdade, provavelmente √© falso"".
Voltar para o in√≠cio
Voltar para o in√≠cio
VEJA
outras checagens feitas pela equipe do FATO ou FAKE
Adicione nosso n√∫mero de WhatsApp
+55 (21) 97305-9827
(ap√≥s adicionar o n√∫mero, mande uma sauda√ß√£o para ser inscrito)"
√â #FAKE post que diz mostrar fam√≠lia em avi√£o de pequeno porte antes de acidente em Mato Grosso; aeronave do v√≠deo real n√£o caiu,"""Fam√≠lia estava filmando antes da trag√©dia com o avi√£o. N√£o sabemos quando um at√© logo √© um adeus. Hora que a alma abandona o corpo.""
VEJA
outras checagens feitas pela equipe do FATO ou FAKE
Adicione nosso n√∫mero de WhatsApp
+55 (21) 97305-9827
(ap√≥s adicionar o n√∫mero, mande uma sauda√ß√£o para ser inscrito)"
T√≠tulo n√£o encontrado,Nenhum texto em it√°lico encontrado
√â #FAKE que governo entregou administra√ß√£o de 14% do territ√≥rio brasileiro a uma empresa privada,"""Lula entrega 14% do territ√≥rio nacional na m√£o de uma empresa privada. Uma √°rea do tamanho da Inglaterra e da Fran√ßa, de territ√≥rio ind√≠gena, que vai ficar na m√£o de uma empresa privada. O que os √≠ndios acham disso? Vamos obedecer a uma empresa dentro da sua pr√≥pria terra? J√° entregou-se grande parte do pa√≠s na m√£o da China, e agora 14% do territ√≥rio nacional na m√£o dessa empresa privada...""
""Governo Lula entrega 14% do territ√≥rio nacional para ser gerido por uma multinacional. Est√£o de um territ√≥rio ind√≠gena para a multinacional Ambipar sem nenhum processo de licita√ß√£o. Essa decis√£o levanta s√©rias quest√µes: Quem realmente se beneficia? Onde est√° a transpar√™ncia? Mais uma vez, a m√≠dia tradicional segue omissa para proteger o Governo Lula da opini√£o popular""

Voltar ao in√≠cio.
""¬ß 4¬∫ As terras de que trata este artigo s√£o inalien√°veis e indispon√≠veis, e os direitos sobre essas terras s√£o imprescrit√≠veis.
¬ß 6¬∫ S√£o nulos e extintos, n√£o produzindo efeitos jur√≠dicos, os atos que tenham por objeto a ocupa√ß√£o, o dom√≠nio e a posse das terras a que se refere este artigo, ou a explora√ß√£o das riquezas naturais do solo, dos rios e dos lagos nelas existentes, ressalvado relevante interesse p√∫blico da Uni√£o, segundo o que dispuser lei complementar"".
Voltar ao in√≠cio.
Voltar ao in√≠cio.
Voltar ao in√≠cio.
Voltar ao in√≠cio.
VEJA
outras checagens feitas pela equipe do FATO ou FAKE
Adicione nosso n√∫mero de WhatsApp
+55 (21) 97305-9827
(ap√≥s adicionar o n√∫mero, mande uma sauda√ß√£o para ser inscrito)"
√â #FAKE que v√≠deo mostre Geraldo Alckmin e Alexandre Moraes sendo hostilizados em Bras√≠lia,"""
Geraldo Alckmin
e
Alexandre de Moraes
, juntos em restaurante, s√£o quase linchados em Bras√≠lia""
√â PRA DIVULGARüëáüèºüëáüèº Geraldo Alckmin e Alexandre de Moraes, juntos em restaurante, s√£o quase linchados em Bras√≠lia. O v√≠deo foi derrubado... assisti, √© assustador... o clima ferveu, est√£o perdendo o controle... bem feito!!! S√£o esses representantes do povo??ü§Æüóëüí©¬†Kkkkkkkk
Adicione nosso n√∫mero de WhatsApp
+55 (21) 97305-9827
(ap√≥s adicionar o n√∫mero, mande uma sauda√ß√£o para ser inscrito)"
√â #FAKE que piloto do helic√≥ptero militar que colidiu com avi√£o em Washington era uma mulher trans,"US M√≠dia: O piloto do helic√≥ptero militar Black Hawk que colidiu com um avi√£o de passageiros em Washington era um transg√™nero anti-Trumpista. A m√≠dia relata que o piloto Joe Ellis se manifestou contra a ordem executiva de Trump que pro√≠be pessoas transg√™nero de servir nas For√ßas Armadas depois que o presidente dos EUA anunciou sua inten√ß√£o de fortalecer os padr√µes de voo e abandonar a pol√≠tica inclusiva
""Aparentemente o piloto do helic√≥ptero era trans"".
""O que sabemos: O piloto do helic√≥ptero era uma mulher asi√°tica trans deficiente"".
""Jo Ellis, uma piloto de helic√≥ptero da Guarda Nacional do Ex√©rcito da Virg√≠nia, foi falsamente identificada como capit√£ do helic√≥ptero Black Hawk [...] em milhares de postagens nas redes sociais nesta semana. A onda de falsidades foi t√£o extrema, que a Srta. Ellis, que √© transg√™nero, postou um v√≠deo de 'prova de vida' no Facebook esclarecendo que est√° viva e n√£o havia pilotado o helic√≥ptero envolvido no acidente"".
""As falsidades, que tentaram vincular a identidade transg√™nero da Srta. Ellis √† trag√©dia, se espalharam on-line logo ap√≥s o presidente Trump e seus aliados tentarem vincular o acidente em Washington aos chamados programas D.E.I., uma s√©rie de iniciativas destinadas a impulsionar a diversidade, a equidade e a inclus√£o no local de trabalho. N√£o h√° evid√™ncias de que tais programas tenham desempenhado qualquer papel no acidente""
VEJA
outras checagens feitas pela equipe do FATO ou FAKE
Adicione nosso n√∫mero de WhatsApp
+55 (21) 97305-9827
(ap√≥s adicionar o n√∫mero, mande uma sauda√ß√£o para ser inscrito)"
T√≠tulo n√£o encontrado,Nenhum texto em it√°lico encontrado
√â #FAKE que Trump disse que se negaria a fazer neg√≥cios com Brasil enquanto Lula estiver no poder,"""Trump declarou que n√£o far√° neg√≥cios com o Brasil enquanto Lula estiver no poder"".
""Sempre gostei do Brasil. √â um pa√≠s incr√≠vel, com pessoas fant√°sticas, mas vou ser direto: com a esquerda no poder, criando confus√£o atr√°s de confus√£o, n√£o d√° para fazer neg√≥cios como antes. N√£o sou muito f√£ do Lula, e ele tamb√©m n√£o √© muito f√£ de mim, tanto que declarou apoio √† Kamala [Harris] publicamente.""
""Todos sabem que Jair Bolsonaro √© meu amigo, um verdadeiro patriota, algu√©m que realmente trabalha pelo povo e que deveria estar √† frente do Brasil. Enquanto ele n√£o estiver l√° [no Planalto], n√£o d√° para contar com o pa√≠s para parcerias econ√¥micas ou grandes projetos.""
""Ent√£o, estou dizendo agora: quando o Brasil voltar para o caminho certo, e acredito que Bolsonaro vai fazer isso, a√≠, sim, vamos falar de parcerias, de um futuro pr√≥spero. At√© l√°, √© esperar e torcer para que o Brasil recupere sua for√ßa e seu verdadeiro esp√≠rito.""
Trump Will Fix It""
""Donald Trump vence a elei√ß√£o estadunidense e manda um recado para o Brasil: 'Com o Lula eu n√£o negocio'""
VEJA
outras checagens feitas pela equipe do FATO ou FAKE
Adicione nosso n√∫mero de WhatsApp
+55 (21) 97305-9827

(ap√≥s adicionar o n√∫mero, mande uma sauda√ß√£o para ser inscrito)"
√â #FAKE que v√≠deo de caminh√£o basculante descarregando cad√°veres foi gravado na Venezuela,"Olha o que o Maduro faz com os opositores.
Uma bela democracia igual √† do Lula, √© isso o que pode ocorrer aqui no Brasil!!!
""Vamos fazer esse v√≠deo chegar para o Trump!!""
Tem que auxiliar com mecanismo de a√ß√µes em pontos estrat√©gicos esse pa√≠s e trucidar tamb√©m quem manda¬†fazer¬†isso
(veja abaixo)
(veja abaixo)
'N√£o s√£o 18, s√£o 23', a identifica√ß√£o dos corpos levados em caminh√£o basculante levar√° dias: combates em Putumayo
(veja abaixo)
VEJA
outras checagens feitas pela equipe do FATO ou FAKE
Adicione nosso n√∫mero de WhatsApp
+55 (21) 97305-9827
(ap√≥s adicionar o n√∫mero, mande uma sauda√ß√£o para ser inscrito)"
√â #FAKE que g1 publicou reportagens sobre concurso do Banco do Brasil perto do fim das inscri√ß√µes; trata-se de golpe,"√öltimo dia para se inscrever no concurso do Banco do Brasil: Sal√°rios de at√© R$ 21.432,28 e provas f√°ceis!
Inscri√ß√µes para o concurso do Banco do Brasil est√£o quase encerando: vagas em todos os estados
""Tem interesse no concurso do Banco do Brasil e est√° com algumas d√∫vidas? Ent√£o, fica ligado nesse v√≠deo, eu vou tirar v√°rias d√∫vidas para voc√™. Sim, sair√° um novo concurso do Banco do Brasil. As inscri√ß√µes j√° come√ßaram, e as vagas j√° est√£o acabando. Para se inscrever e n√£o perder o concurso, acesse o bot√£o aqui embaixo""
Voltar ao in√≠cio
Voltar ao in√≠cio
Voltar ao in√≠cio
Voltar ao in√≠cio
Voltar ao in√≠cio
VEJA
outras checagens feitas pela equipe do FATO ou FAKE
Adicione nosso n√∫mero de WhatsApp
+55 (21) 97305-9827
(ap√≥s adicionar o n√∫mero, mande uma sauda√ß√£o para ser inscrito)"
T√≠tulo n√£o encontrado,Nenhum texto em it√°lico encontrado
√â #FAKE foto que mostra servi√ßo de imigra√ß√£o dos EUA prendendo homem com a inscri√ß√£o 'Latinos for Trump 2024' na camiseta,"""Quando a barata vota no inseticida""
""Uma imagem vale mais do que mil palavras!! E nem √© meme!!""
(compare no final desta reportagem)
""ICE realiza sua maior opera√ß√£o de imigra√ß√£o na hist√≥ria recente, prendendo 146""
Adicione nosso n√∫mero de WhatsApp
+55 (21) 97305-9827
(ap√≥s adicionar o n√∫mero, mande uma sauda√ß√£o para ser inscrito)"
√â #FAKE que o Ita√∫ Unibanco processou Ronaldo por fala sobre criptomoedas na TV,"""O Ita√∫ processa Ronaldo que disse ao vivo na TV""
""Se n√£o acredita, vou provar, me d√™ R$ 1.600 e com esta plataforma farei R$ 1 milh√£o em apenas 12 a 15 semanas"".
(veja detalhes na imagem abaixo)
VEJA
outras checagens feitas pela equipe do FATO ou FAKE
Adicione nosso n√∫mero de WhatsApp
+55 (21) 97305-9827
(ap√≥s adicionar o n√∫mero, mande uma sauda√ß√£o para ser inscrito)"
T√≠tulo n√£o encontrado,Nenhum texto em it√°lico encontrado
√â #FAKE que g1 publicou que Receita Federal faz leil√£o de smartphones e eletrodom√©sticos com lance fixo; trata-se de golpe,"""Leil√£o eletr√¥nico da Receita Federal de 2025 oferece smartphones e eletrodom√©sticos com pre√ßos baixos""
VEJA
outras checagens feitas pela equipe do FATO ou FAKE
Adicione nosso n√∫mero de WhatsApp
+55 (21) 97305-9827
(ap√≥s adicionar o n√∫mero, mande uma sauda√ß√£o para ser inscrito)"
√â #FAKE que o governo brasileiro comprou o Globo de Ouro para Fernanda Torres,"""Eu tenho um babado para te contar. Escuta essa: a bonita pediu para a meretriz que est√° no governo comprar para ela um Globo de Ouro. A√≠, eu te pergunto: Quanto custa um Globo de Ouro? [...] Porque voc√™ pagou por ele, afinal. Eles n√£o t√™m dinheiro nenhum, todo o dinheiro que eles usam √© o seu dinheiro. [...] A√≠, voc√™ diz assim: 'Safada, com o meu dinheiro!'. Porque foi assim que aconteceu"".
""Quando a gente acha que j√° viu tudo nesse governo, a gente s√≥ v√™ que est√° apenas come√ßando.¬†Isso vai dar tanto que falar. Ah, eu quero s√≥ saber quando a segunda, que ficou l√°, a segunda colocada..."".
Adicione nosso n√∫mero de WhatsApp
+55 (21) 97305-9827
(ap√≥s adicionar o n√∫mero, mande uma sauda√ß√£o para ser inscrito)"
√â #FAKE foto de Trump ao lado de cadeira com nome de Bolsonaro; imagem √© de intelig√™ncia artificial,"""A aus√™ncia de Bolsonaro na posse de Trump est√° causando mais impacto mundial do que se ele estivesse presente.""
""'The New York Times', 'The Washington Post', 'The Guardian' e 'El Pa√≠s' noticiaram a decis√£o de Alexandre de Moraes de vetar ida de Bolsonaro aos EUA. Bolsonaro acredita que Trump pode impulsionar mudan√ßas na pol√≠tica brasileira - e torn√°-lo um 'homem livre' e eleg√≠vel em 2026. Tomara!"".
""Falta de Bolsonaro para posse de Trump est√° causando como√ß√£o mundial. Ajudem a compartilhar isso!"".
VEJA
outras checagens feitas pela equipe do FATO ou FAKE
Adicione nosso n√∫mero de WhatsApp
+55 (21) 97305-9827
(ap√≥s adicionar o n√∫mero, mande uma sauda√ß√£o para ser inscrito)"
T√≠tulo n√£o encontrado,Nenhum texto em it√°lico encontrado
T√≠tulo n√£o encontrado,Nenhum texto em it√°lico encontrado
√â #FAKE que 'Ainda estou aqui' recebeu recursos da Lei Rouanet,"Ô∏è""S√≥ de Lei Rouanet a√≠ contei uns 3 or√ßamentos na sa√∫de, uns 7 na educa√ß√£o uns 3 em saneamento b√°sico. Mas calma a√≠ que temos que estar felizes por eles estarem recebendo cr√©ditos em cima da desgra√ßa do brasileiro [...]"", diz uma publica√ß√£o no X.
Outro coment√°rio afirma: ""Pode ficar tranquilo, painho lulis j√° comprou tudo, s√≥ buscar o caneco, afinal ele despejou bilh√µes em 2 anos para os gal√°ticos artistas ruanet, e o podre nessa hist√≥ria que se lasque, pobre vai ficar olhando pela tv üì∫[...]"".
VEJA
outras checagens feitas pela equipe do FATO ou FAKE
Adicione nosso n√∫mero de WhatsApp
+55 (21) 97305-9827
(ap√≥s adicionar o n√∫mero, mande uma sauda√ß√£o para ser inscrito)"
√â #FAKE que o governo federal tenha programa de descontos do IPVA para motoristas sem multas,"""N√£o pague o IPVA 2025 sem antes saber disso"".
""Voc√™ pode ganhar 10% de desconto se n√£o cometer infra√ß√µes no ano anterior, 15% se n√£o cometeu infra√ß√µes nos √∫ltimos dois anos, e 20% se n√£o cometeu infra√ß√µes nos √∫ltimos tr√™s anos"".
""Voc√™ deve obrigatoriamente entrar na sua carteira digital, acessar a se√ß√£o de 'Condutor', clicar em 'Condutor' e ativar o cadastro positivo. Depois, √© s√≥ autorizar a participa√ß√£o. Pronto! A partir desse momento, voc√™ j√° autoriza e est√° apto a concorrer""
VEJA
outras checagens feitas pela equipe do FATO ou FAKE
Adicione nosso n√∫mero de WhatsApp
+55 (21) 97305-9827

(ap√≥s adicionar o n√∫mero, mande uma sauda√ß√£o para ser inscrito)"
√â #FAKE que Instagram for√ßou usu√°rios a seguirem contas de Trump e de seu vice,"Gente! Fiquem atentos! O Instagram est√° for√ßando as pessoas que tem perfil a seguir o VP e o Trump. Verifiquem os perfis de voc√™s!
""Simplesmente a
Meta
fez eu - e v√°rios amigos - seguirmos o vice de Trump!!! Isso √© absurdo.
O Instagram simplesmente colocando todas as contas com relev√¢ncia para seguir, coercitivamente, o perfil do Donald Trump e o vice. Voc√™s t√™m no√ß√£o do que est√° acontecendo dois dias p√≥s a posse desse lixo? As bigs techs v√£o entrar pesado nesse governo.
Que merda √© essa que a meta t√° fazendo geral seguir o Trump e o vice dele automaticamente no Instagram! J√° at√© dei unfollow
Adicione nosso n√∫mero de WhatsApp
+55 (21) 97305-9827
(ap√≥s adicionar o n√∫mero, mande uma sauda√ß√£o para ser inscrito)"
√â #FAKE p√°gina que imita g1 e anuncia leil√£o de produtos importados na Amazon,"""Amazon Inova: Leil√£o de Produtos Importados com Lance Fixo Surpreende Consumidores""
(veja mais abaixo)
VEJA
outras checagens feitas pela equipe do FATO ou FAKE
Adicione nosso n√∫mero de WhatsApp
+55 (21) 97305-9827
(ap√≥s adicionar o n√∫mero, mande uma sauda√ß√£o para ser inscrito)"
√â #FAKE que v√≠deo que mostra tentativa de invas√£o de imigrantes nos EUA foi feito ap√≥s posse de Trump; imagens s√£o de 2023,"""Tempestade perfeita: mais de 1 mil migrantes se aproximam da fronteira dos EUA, ap√≥s for√ßar o caminho do bloqueio mexicano...""
""‚ö†Ô∏è #ULTIMAHORA | Pelo menos 1000 migrantes acabaram de ultrapassar a barreira @GN_MEXICO_ em Ciudad Ju√°rez. Eles se dirigem ao posto de controle de El Paso Texas com o objetivo de entrar √† for√ßa nos
Estados Unidos
porque o aplicativo CBP One estava fora de servi√ßo.""
VEJA
outras checagens feitas pela equipe do FATO ou FAKE
Adicione nosso n√∫mero de WhatsApp
+55 (21) 97305-9827
(ap√≥s adicionar o n√∫mero, mande uma sauda√ß√£o para ser inscrito)"
√â #FAKE v√≠deo de Haddad dizendo que vai aumentar impostos dos mais pobres,"""Eu gosto de taxar os pobres. N√£o vou mentir para voc√™ que 98% da popula√ß√£o brasileira √© pobre. Como a gente s√≥ tem 2% de milion√°rios, eu n√£o acho justo taxar essa pouca quantidade de milion√°rio, sendo que a gente tem 98% de pobres no Brasil"".
""Ent√£o, se a gente taxar todos os pobres, vai ter mais lucro para o nosso governo do que se a gente taxar todos os ricos. Ent√£o, vamos aumentar o imposto, n√£o d√° nada. O brasileiro s√≥ vai dar a reclamada no come√ßo, mas depois eles param de encher o saco, entendeu?"" .
""A gente pode aumentar um pouco o imposto das carnes. O brasileiro pode comer f√≠gado, p√© de galinha, uma asinha, esses da√≠ n√£o v√£o subir tanto. Como nosso presidente falou, infelizmente, o grosso est√° entrando. E, se n√£o tiver condi√ß√µes para comprar uma carne, compre uma ab√≥bora, e a vida segue"".

""[Eu e Lula] Falamos sobre v√°rios assuntos. Expus a ele a situa√ß√£o da reforma tribut√°ria, o estado da arte, o que est√° para ser decidido pela C√¢mara agora em car√°ter definitivo. Tamb√©m tratamos das quest√µes das medidas fiscais [...]. E alguns projetos das reformas microecon√¥micas que precisam ser votados em s√©rie nesta semana"".
""altera√ß√µes percept√≠veis na movimenta√ß√£o labial e discrep√¢ncias no timbre de voz t√≠picas de conte√∫dos forjados com o uso de intelig√™ncia artificial generativa"".
VEJA
outras checagens feitas pela equipe do FATO ou FAKE
Adicione nosso n√∫mero de WhatsApp
+55 (21) 97305-9827
(ap√≥s adicionar o n√∫mero, mande uma sauda√ß√£o para ser inscrito)"
√â #FAKE que Trump voltou a considerar proibi√ß√£o de voos do Brasil para os EUA; v√≠deo √© de 2020,"VEJA
outras checagens feitas pela equipe do FATO ou FAKE
Adicione nosso n√∫mero de WhatsApp
+55 (21) 97305-9827
(ap√≥s adicionar o n√∫mero, mande uma sauda√ß√£o para ser inscrito)"
√â #FAKE p√°gina que imita g1 e fornece link para cadastro no programa Voa Brasil,"""√öltimos dias para se cadastrar no Programa Voa Brasil; veja como participar""
""Programa oferece passagens a√©reas com pre√ßos reduzidos para brasileiros""

""o Programa Voa Brasil est√° em seus √∫ltimos dias de inscri√ß√£o. Esta √© uma oportunidade √∫nica para brasileiros viajarem pelo pa√≠s com passagens a√©reas a pre√ßos reduzidos""
""n√£o √© cobrada qualquer taxa para cadastro ou ades√£o ao programa""
""forne√ßam dados pessoais, ou realize pagamentos em sites, ou links n√£o oficiais"".
""O programa se chama Voa Brasil e j√° est√° dispon√≠vel. Para se cadastrar, √© s√≥ acessar o site que vamos deixar aqui embaixo desse v√≠deo, informar seus dados e pagar a taxa de ades√£o da Ag√™ncia Nacional de Avia√ß√£o Civil. E, a√≠, o acesso ao aplicativo j√° vai ser liberado, e o cidad√£o j√° poder√° comprar at√© quatro passagens. E est√° amea√ßando o financiamento por apenas R$ 200"".
""o programa se chama Voa Brasil e j√° est√° dispon√≠vel"",
""
O primeiro est√°gio do programa ter√° como foco atender aposentados que ganham at√© dois sal√°rios m√≠nimos""
.

VEJA
outras checagens feitas pela equipe do FATO ou FAKE
Adicione nosso n√∫mero de WhatsApp
+55 (21) 97305-9827
(ap√≥s adicionar o n√∫mero, mande uma sauda√ß√£o para ser inscrito)"
"√â #FAKE que, a partir de janeiro de 2025, quem dirige carro autom√°tico precisa mudar carteira de motorista","A partir de janeiro de 2025, quem dirige carro autom√°tico ter√° que ter a Carteira Nacional de Habilita√ß√£o (CNH) na categoria B1
Adicione nosso n√∫mero de WhatsApp
+55 (21) 97305-9827
(ap√≥s adicionar o n√∫mero, mande uma sauda√ß√£o para ser inscrito)"
√â #FAKE que bancos dever√£o limitar saques em esp√©cie a partir do segundo semestre,"Bancos dever√£o limitar saques em esp√©cie a partir do segundo semestre
Limite mensal para saques ser√° de 2 mil reais para pessoas f√≠sicas e at√© 5 mil reais para pessoas jur√≠dicas. Governo alega que √© pra evitar evas√£o fiscal
VEJA
outras checagens feitas pela equipe do FATO ou FAKE
Adicione nosso n√∫mero de WhatsApp
+55 (21) 97305-9827
(ap√≥s adicionar o n√∫mero, mande uma sauda√ß√£o para ser inscrito)"
√â #FAKE que v√≠deo de alunos posando com merenda para foto e devolvendo sem comer seja na Venezuela,"""Na Venezuela, nenhum estudante passa fome...todos t√™m lanche...as fotos est√£o a√≠ para provar...""
""Na Venezuela de Maduro e Lula, nenhum estudante passa fome...Todos tem lanche...As fotos est√£o a√≠ para provar... CANALHAS.""
""Enquanto isso na Venezuela de Maduro J√° Apodrecido pela corrup√ß√£o, e logo logo Lularapis Corruptandis implantar√° no Brasil, nenhum estudante passa fome...Todos ter√£o um prato de comida bem generoso. As fotos est√£o a√≠ para provar...""
VEJA
outras checagens feitas pela equipe do FATO ou FAKE
Adicione nosso n√∫mero de WhatsApp
+55 (21) 97305-9827

(ap√≥s adicionar o n√∫mero, mande uma sauda√ß√£o para ser inscrito)"
√â #FAKE v√≠deo que mostra Marcos Mion anunciando promo√ß√£o do Outback; trata-se de um golpe,"""Rod√≠zio Outback para duas pessoas por apenas: R$ 64,90. Em comemora√ß√£o aos 37 anos do Outback, voc√™ pode aproveitar um rod√≠zio para dois por um pre√ßo incr√≠vel. Isso mesmo que voc√™ est√° vendo! At√© algumas sobremesas est√£o inclusas. Olha essa costela suculenta nova no card√°pio te esperando"".
""Ficou com √°gua na boca, n√©? T√° esperando o qu√™? Clique em 'Saiba Mais' e aproveite. Eu t√¥ muito dentro!""
Voltar para o in√≠cio
(veja imagem abaixo).
Voltar para o in√≠cio
""A assessoria jur√≠dica de Marcos Mion, representada por seu advogado Pedro Fida, vem a p√∫blico esclarecer informa√ß√µes falsas que t√™m circulado nas redes sociais envolvendo a imagem do apresentador e uma suposta campanha publicit√°ria do restaurante Outback, que inclui um 'voucher promocional de rod√≠zio'.
Trata-se de um v√≠deo falso e manipulado, no qual o √°udio foi alterado de forma intencional para uma promo√ß√£o inexistente. Reiteramos que essa suposta ""campanha"" n√£o possui qualquer rela√ß√£o com a√ß√µes ou publicidades oficiais realizadas por Marcos Mion.
Orientamos o p√∫blico a desconsiderar e n√£o compartilhar esse tipo de material e refor√ßamos que medidas legais j√° est√£o sendo tomadas para identificar e responsabilizar os respons√°veis pela cria√ß√£o e divulga√ß√£o desse conte√∫do.
Reafirmamos nosso compromisso com a transpar√™ncia e a verdade. Qualquer iniciativa ou campanha vinculada ao nome de Marcos Mion ser√° sempre anunciada por canais oficiais e confi√°veis. Agradecemos a compreens√£o"".
Voltar para o in√≠cio
""O Outback Steakhouse alerta permanentemente os consumidores sobre golpes que se utilizam do nome da marca para divulgar promo√ß√µes inexistentes nas redes sociais.
Sempre preocupado com a seguran√ßa e prote√ß√£o dos consumidores, a marca est√° trabalhando para derrubar os perfis e sites falsos, al√©m de refor√ßar esse alerta para os clientes.
A marca reitera que utiliza apenas os canais oficiais para comunicar benef√≠cios e promo√ß√µes, como o site oficial (www.outback.com.br) e os perfis nas redes sociais, que s√£o @OutbackBrasil no Instagram, Facebook, X e Threads e @Outback_Brasil no TikTok. Os perfis s√£o identificados com o selo de verifica√ß√£o azul.
√â importante esclarecer que o Outback Steakhouse n√£o solicita c√≥digos, senhas ou transa√ß√µes via PIX. Os pagamentos via PIX acontecem apenas dentro dos restaurantes, nunca pela internet. Para verificar a autenticidade de qualquer comunica√ß√£o, o Outback orienta que os clientes entrem em contato atrav√©s do Fale Conosco no site oficial"".
Voltar para o in√≠cio
VEJA
outras checagens feitas pela equipe do FATO ou FAKE
Adicione nosso n√∫mero de WhatsApp
+55 (21) 97305-9827
(ap√≥s adicionar o n√∫mero, mande uma sauda√ß√£o para ser inscrito)"
√â #FAKE p√°gina que imita a globo.com e simula entrevista com Rubens Menin,"Adicione nosso n√∫mero de WhatsApp
+55 (21) 97305-9827
(ap√≥s adicionar o n√∫mero, mande uma sauda√ß√£o para ser inscrito)"
√â #FAKE v√≠deo com imagens a√©reas que mostram pr√©dios pegando fogo em Los Angeles,"""Momento assustador em Los Angeles, Calif√≥rnia, enquanto grande inc√™ndio destr√≥i a cidade""
(veja abaixo)
(veja abaixo)
(veja abaixo)
(veja abaixo)
VEJA
outras checagens feitas pela equipe do FATO ou FAKE
Adicione nosso n√∫mero de WhatsApp
+55 (21) 97305-9827
(ap√≥s adicionar o n√∫mero, mande uma sauda√ß√£o para ser inscrito)"
√â #FAKE que o governo federal estuda taxa ambiental veicular,"""Governo estuda taxa ambiental veicular. Governo anuncia nova taxa ambiental para ve√≠culos com mais de 20 anos de uso
Adicione nosso n√∫mero de WhatsApp
+55 (21) 97305-9827
(ap√≥s adicionar o n√∫mero, mande uma sauda√ß√£o para ser inscrito)"
√â #FAKE que diretor do Hospital das Cl√≠nicas deu dicas de como evitar gripe e que Tamiflu √© feito de erva-doce,"""Diretor do HC (Hospital das Cl√≠nicas) preocupado com a nova gripe, faz as seguintes recomenda√ß√µes: Fazer do √°lcool gel o nossso aliado. Come√ßar a tomar vitamina C urgente, cuidar das crian√ßas. Lavar as m√£os muitas vezes ao dia. evitar locais onde haja multid√£o; tomar vitamina C; comer f√≠gado de boi; ingerir sucos de acerola e laranja. Tomar ch√° de erva-doce duas vezes ao dia""
""O ch√° de erva-doce tem a mesma subst√¢ncia que o medicamento TAMIFLU, o rem√©dio usado para tratar a gripe A - H1N1. Aconselha-se tomar o ch√° como se fosse caf√©, ap√≥s as refei√ß√µes. Um infectologista do hospital S√£o Domingos, recomenda tomar de 12 em 12/horas o ch√° de erva doce, pois ele mata o v√≠rus da influenza. √â da erva-doce que √© feito o TAMIFLU""
""* Repasse para seus fam√≠liares e amigos pois √© muito importante""
O HCFMUSP esclarece que o texto que recorrentemente circula nas redes sociais, no qual, supostamente, a Diretoria Cl√≠nica do hospital faz um alerta sobre a gripe, nunca foi divulgado pela institui√ß√£o""
""O medicamento Tamiflu¬Æ, desenvolvido pela Roche, √© composto por fosfato de oseltamivir ‚Äì princ√≠pio ativo que consta em bula aprovada no Brasil pela Ag√™ncia Nacional de Vigil√¢ncia Sanit√°ria [Anvisa] ‚Äì, al√©m de alguns excipientes, que s√£o subst√¢ncias complementares √† massa ou volume especificados em produtos farmac√™uticos. Deste modo, n√£o h√°, na composi√ß√£o de Tamiflu¬Æ, o anis estrelado ou a erva-doce""
VEJA
outras checagens feitas pela equipe do FATO ou FAKE
Adicione nosso n√∫mero de WhatsApp
+55 (21) 97305-9827
(ap√≥s adicionar o n√∫mero, mande uma sauda√ß√£o para ser inscrito)"
√â #FAKE v√≠deo que mostra ondas gigantes no Uruguai em post com alerta de tsunami,"""Aten√ß√£o, Uruguai! Muitas possibilidades de tsunami. Uma trag√©dia se aproxima de nosso pa√≠s vizinho. Atentos""
VEJA
ou
tras checagens feitas pela equipe do FATO ou FAKE
Adicione nosso n√∫mero de WhatsApp
+55 (21) 97305-9827
(ap√≥s adicionar o n√∫mero, mande uma sauda√ß√£o para ser inscrito)"
T√≠tulo n√£o encontrado,Nenhum texto em it√°lico encontrado
√â #FAKE que on√ßa atacou cavalo em Campinas em janeiro de 2025,"Adicione nosso n√∫mero de WhatsApp
+55 (21) 97305-9827
(ap√≥s adicionar o n√∫mero, mande uma sauda√ß√£o para ser inscrito
Velja mais not√≠cias de Campinas e regi√£o"
√â #FAKE v√≠deo em que Haddad fala em cobrar impostos sobre pets e gr√°vidas,"Nosso plano √© taxar tudo, tudo. Neste ano teremos imposto do cachorrinho de estima√ß√£o. Se ele √© da fam√≠lia, temos que arrecadar sobre ele tamb√©m. √â justo. Imposto pr√©-natal. Ficou gr√°vida, j√° tem que come√ßar a pagar imposto para o hospital. Imposto das bets. Se perdeu, o preju√≠zo √© seu. Se ganhar, o lucro √© nosso. Mas √© tudo para o bem do nosso povo. Brasileiro gosta de um imposto novo tamb√©m, n√©? Todo mundo sabe. Imposto e 'Big Brother' √© a nossa paix√£o
VEJA
outras checagens feitas pela equipe do FATO ou FAKE
Adicione nosso n√∫mero de WhatsApp
+55 (21) 97305-9827
(ap√≥s adicionar o n√∫mero, mande uma sauda√ß√£o para ser inscrito)"
√â #FAKE que a Receita Federal esteja cobrando imposto do PIX para quem recebe mais de R$ 5 mil; golpe envia boleto falso a v√≠timas,"(leia detalhes abaixo)
""Bom dia Sr Neuso, voc√™ foi taxado por usar mais de 5 mil reais no PIX neste m√™s. Para evitar o bloqueio total do seu CPF, pague o boleto √† seguir no valor de R$ 845,20"" .
.


""Voc√™s viram essa nova palha√ßada do governo de colocar imposto de renda pra quem receber R$ 5 mil no PIX ou no cart√£o de cr√©dito?
""Eu estava ouvindo um rapaz falar que, passando de R$ 5 mil, quem faz PIX de transa√ß√£o vai come√ßar a pagar imposto, vai ter de declarar
S√≥ pra lembrar: quem movimentar 5 mil reais no cart√£o ou no Pix vai pagar imposto, hein, fazuele
A Receita Federal baixou normativa segundo o que se pagar√° imposto sobre PIX cujo montante (soma) passe de R$ 5.000,00 por m√™s. Pega em cheio a gente pobre que trabalha vendendo pipoca, sandu√≠che, picol√©. J√° n√£o bastaram os impostos sobre Shein e Shoppe. Resta a este povo fazer o novamente o L em 2026
Voltar ao in√≠cio
Voltar ao in√≠cio
Voc√™s viram essa nova palha√ßada do governo de colocar imposto de renda pra quem receber R$ 5 mil no PIX ou no cart√£o de cr√©dito?
Eu estava ouvindo um rapaz falar que, passando de R$ 5 mil, quem faz PIX de transa√ß√£o vai come√ßar a pagar imposto, vai ter de declarar
S√≥ pra lembrar: quem movimentar 5 mil reais no cart√£o ou no Pix vai pagar imposto, hein, fazuele
A Receita Federal baixou normativa segundo o que se pagar√° imposto sobre PIX cujo montante (soma) passe de R$ 5.000,00 por m√™s. Pega em cheio a gente pobre que trabalha vendendo pipoca, sandu√≠che, picol√©. J√° n√£o bastaram os impostos sobre Shein e Shoppe. Resta a este povo fazer o novamente o L em 2026
Voltar ao in√≠cio
Adicione nosso n√∫mero de WhatsApp
+55 (21) 97305-9827
(ap√≥s adicionar o n√∫mero, mande uma sauda√ß√£o para ser inscrito)"
√â #FAKE que a Receita Federal esteja cobrando imposto do PIX para quem recebe mais de R$ 5 mil; golpe envia boleto falso a v√≠timas,"(leia detalhes abaixo)
""Bom dia Sr Neuso, voc√™ foi taxado por usar mais de 5 mil reais no PIX neste m√™s. Para evitar o bloqueio total do seu CPF, pague o boleto √† seguir no valor de R$ 845,20"" .
.


""Voc√™s viram essa nova palha√ßada do governo de colocar imposto de renda pra quem receber R$ 5 mil no PIX ou no cart√£o de cr√©dito?
""Eu estava ouvindo um rapaz falar que, passando de R$ 5 mil, quem faz PIX de transa√ß√£o vai come√ßar a pagar imposto, vai ter de declarar
S√≥ pra lembrar: quem movimentar 5 mil reais no cart√£o ou no Pix vai pagar imposto, hein, fazuele
A Receita Federal baixou normativa segundo o que se pagar√° imposto sobre PIX cujo montante (soma) passe de R$ 5.000,00 por m√™s. Pega em cheio a gente pobre que trabalha vendendo pipoca, sandu√≠che, picol√©. J√° n√£o bastaram os impostos sobre Shein e Shoppe. Resta a este povo fazer o novamente o L em 2026
Voltar ao in√≠cio
Voltar ao in√≠cio
Voc√™s viram essa nova palha√ßada do governo de colocar imposto de renda pra quem receber R$ 5 mil no PIX ou no cart√£o de cr√©dito?
Eu estava ouvindo um rapaz falar que, passando de R$ 5 mil, quem faz PIX de transa√ß√£o vai come√ßar a pagar imposto, vai ter de declarar
S√≥ pra lembrar: quem movimentar 5 mil reais no cart√£o ou no Pix vai pagar imposto, hein, fazuele
A Receita Federal baixou normativa segundo o que se pagar√° imposto sobre PIX cujo montante (soma) passe de R$ 5.000,00 por m√™s. Pega em cheio a gente pobre que trabalha vendendo pipoca, sandu√≠che, picol√©. J√° n√£o bastaram os impostos sobre Shein e Shoppe. Resta a este povo fazer o novamente o L em 2026
Voltar ao in√≠cio
Adicione nosso n√∫mero de WhatsApp
+55 (21) 97305-9827
(ap√≥s adicionar o n√∫mero, mande uma sauda√ß√£o para ser inscrito)"
√â #FAKE que inc√™ndio na Calif√≥rnia atingiu o famoso letreiro de Hollywood,"""
lend√°rio letreiro de Hollywood est√° cercado por fogo""
(veja, abaixo, uma dessas imagens)
(veja, abaixo, duas dessas imagens)
(veja a imagem a seguir)
VEJA
outras checagens feitas pela equipe do FATO ou FAKE
Adicione nosso n√∫mero de WhatsApp
+55 (21) 97305-9827
(ap√≥s adicionar o n√∫mero, mande uma sauda√ß√£o para ser inscrito)"
√â #FAKE p√°gina que imita site do governo federal e promete saque de R$ 7 mil,"Adicione nosso n√∫mero de WhatsApp
+55 (21) 97305-9827
(ap√≥s adicionar o n√∫mero, mande uma sauda√ß√£o para ser inscrito)"
√â #FAKE que spray de alga trate ou previna disfun√ß√£o er√©til,"Revolucion√°rio: sex√≥loga aprova spray de alga pra tratar disfun√ß√£o er√©til e amea√ßa quebrar ind√∫stria farmac√™utica
Voltar para o in√≠cio
Voltar para o in√≠cio
Voltar para o in√≠cio
Voltar para o in√≠cio
Adicione nosso n√∫mero de WhatsApp
+55 (21) 97305-9827
(ap√≥s adicionar o n√∫mero, mande uma sauda√ß√£o para ser inscrito)"
"√â #FAKE que g1 publicou que Fast Shop faz leil√£o de celular de mostru√°rio a partir de R$ 133,22","""Fast Shop abre oficialmente o leil√£o exclusivo de celulares de mostru√°rio: aparelhos a partir de R$ 133,22
Aproximadamente mais de 1,5 mil celulares v√£o a leil√£o nesta quarta-feira pela gigante do Com√©rcio eletr√¥nico Fast Shop. Em uma oportunidade √∫nica celulares de mostru√°rio estar√£o dispon√≠veis para leil√£o nesta quarta-feira"".
Esses aparelhos que foram exibidos nas vitrines das lojas agora precisam ser repassados para dar espa√ßo a novos modelos. Se voc√™ est√° em busca de um celular de √∫ltima gera√ß√£o por um pre√ßo acess√≠vel, n√£o perca essa chance"".
""Essa √© a sua oportunidade de garantir modelos de qualidade com condi√ß√µes imperd√≠veis. Todos os produtos foram passados por an√°lise t√©cnica e a loja ir√° fornecer garantia de 30 dias. O leil√£o √© virtual no site oficial da loja e √© realizado somente uma vez por ano pela varejista. Aproveite j√° e confira
Adicione nosso n√∫mero de WhatsApp
+55 (21) 97305-9827
(ap√≥s adicionar o n√∫mero, mande uma sauda√ß√£o para ser inscrito)"
√â #FAKE que PF apontou fraude na Mega da Virada,"""Pol√≠cia Federal aponta poss√≠vel fraude no sorteio da Mega Sena da Virada"".
""Urgente! Pol√≠cia Federal aponta poss√≠vel fraude no sorteio da Mega da Virada. Uma investiga√ß√£o bomb√°stica da Pol√≠cia Federal revelou ind√≠cios de que o sorteio da Mega da Virada, um dos maiores eventos de loteria do Brasil, pode ter sido manipulado""

""Segundo fontes pr√≥ximas √† investiga√ß√£o, h√° suspeitas de que jogos vencedores foram planejados para beneficiar pessoas pr√≥ximas ao alto escal√£o do governo e empres√°rios influentes. Os investigadores apuraram que apostas ganhadoras foram feitas em sequ√™ncia e com padr√µes considerados matematicamente improv√°veis"".
""Al√©m disso, surgiram den√∫ncias de que funcion√°rios de alto n√≠vel ligados √† organiza√ß√£o do sorteio podem ter acessado informa√ß√µes sigilosas para direcionar os pr√™mios. Documentos apreendidos apontam para transfer√™ncias banc√°rias suspeitas e mensagens que sugerem conluio entre envolvidos no esquema""
""Caso a fraude seja comprovada, estima-se que bilh√µes de reais possam ter sido desviados ao longo dos anos, minando a credibilidade da loteria e prejudicando milh√µes de brasileiros que apostam na Mega da Virada, com esperan√ßa de mudar de vida
Adicione nosso n√∫mero de WhatsApp
+55 (21) 97305-9827
(ap√≥s adicionar o n√∫mero, mande uma sauda√ß√£o para ser inscrito)"
√â #FAKE que g1 publicou p√°gina recomendando Prostzol e que produto previna c√¢ncer de pr√≥stata,"""Pr√≥stata inchada? Atuais ganhadores do pr√™mio Nobel de medicina de 2024 recebem o trof√©u ap√≥s descobrir como restaurar a gl√¢ndula prost√°tica utilizando terapia de testosterona puls√°til, veja como fazer de casa"".
(veja detalhes abaixo)
(leia, mais abaixo nesta reportagem, o detalhamento do que diz a SBU)
Adicione nosso n√∫mero de WhatsApp
+55 (21) 97305-9827
(ap√≥s adicionar o n√∫mero, mande uma sauda√ß√£o para ser inscrito)"
√â #FAKE que pino em ave temperada seja dispositivo antifurto; trata-se de um term√¥metro,"Isso aqui √© um c√≥digo de barras que vem junto com o chester, t√° bom? Esse c√≥digo de barras, ele √© pra quando voc√™ sair com o seu chester, que a sua empresa te d√°, ou que voc√™ vai comprar no supermercado, ele apitar e voc√™ passar como bandido, e pra voc√™s serem presos, e pra n√£o conseguir ajudar o nosso querido colega, nosso querido presidente, nosso querido capit√£o Jair Messias Bolsonaro. Ent√£o, por favor, n√£o comprem chester, t√° bom? Ainda pouco eu sa√≠ do supermercado e come√ßou a apitar por conta disso aqui.

Isso aqui n√£o sai. Eu vou deixar ali no micro-ondas pra poder descongelar um pouco e tirar isso aqui. Mas, por favor, n√£o comprem chester nesse Natal. Voc√™s j√° est√£o avisados
Adicione nosso n√∫mero de WhatsApp
+55 (21) 97305-9827
(ap√≥s adicionar o n√∫mero, mande uma sauda√ß√£o para ser inscrito)"
√â #FAKE que CNH ter√° mudan√ßas na renova√ß√£o a partir de janeiro,"Adicione nosso n√∫mero de WhatsApp
+55 (21) 97305-9827
(ap√≥s adicionar o n√∫mero, mande uma sauda√ß√£o para ser inscrito)"
√â #FAKE que futuro presidente do Banco Central disse que considera 'artificial' a alta do d√≥lar,"Gal√≠polo: a moeda dos Brics nos salvaguardaria da extrema influ√™ncia que o d√≥lar exerce no nosso mercado
A meta √© fazer a moeda estadunidense retornar aos R$ 5 ainda em 2025, declarou Gal√≠polo
Gabriel Gal√≠polo, pr√≥ximo presidente do BC considera a alta do d√≥lar artificial e n√£o enxerga cen√°rio com preocupa√ß√£o.
Adicione nosso n√∫mero de WhatsApp
+55 (21) 97305-9827
(ap√≥s adicionar o n√∫mero, mande uma sauda√ß√£o para ser inscrito)"
√â #FAKE imagem de suposto pedido de certid√£o de √≥bito de Lula,"Adicione nosso n√∫mero de WhatsApp
+55 (21) 97305-9827
(ap√≥s adicionar o n√∫mero, mande uma sauda√ß√£o para ser inscrito)"
√â #FAKE v√≠deo em que homem cita bact√©ria e recomenda produto para diabetes,"Urgente: especialista revela ""bact√©ria diab√©tica"" que est√° causando picos mortais de glicose em milh√µes de brasileiros!
Adicione nosso n√∫mero de WhatsApp
+55 (21) 97305-9827
(ap√≥s adicionar o n√∫mero, mande uma sauda√ß√£o para ser inscrito)"
T√≠tulo n√£o encontrado,Nenhum texto em it√°lico encontrado
√â #FAKE foto que mostra Lula com a cabe√ßa enfaixada,"Adicione nosso n√∫mero de WhatsApp
+55 (21) 97305-9827
(ap√≥s adicionar o n√∫mero, mande uma sauda√ß√£o para ser inscrito)"
√â #FAKE imagem que simula p√°gina do g1 para pedir doa√ß√µes a crian√ßa com Linfoma de Burkitt,"Desespero de m√£e: falta de apoio do governo coloca vida de menino com c√¢ncer em risco
Adicione nosso n√∫mero de WhatsApp
+55 (21) 97305-9827
(ap√≥s adicionar o n√∫mero, mande uma sauda√ß√£o para ser inscrito)"
"√â #FAKE p√°gina que imita apar√™ncia g1 e cita leil√£o dos Correios com Iphone e outros itens com lances a partir de R$ 87,17","Adicione nosso n√∫mero de WhatsApp
+55 (21) 97305-9827
(ap√≥s adicionar o n√∫mero, mande uma sauda√ß√£o para ser inscrito"
√â #FAKE p√°gina que imita apar√™ncia do g1 e menciona voos da Latam na Black Friday,"Adicione nosso n√∫mero de WhatsApp
+55 (21) 97305-9827
(ap√≥s adicionar o n√∫mero, mande uma sauda√ß√£o para ser inscrito"
√â #FAKE que governo federal estuda criar imposto para donos de pets,"Adicione nosso n√∫mero de WhatsApp
+55 (21) 97305-9827
(ap√≥s adicionar o n√∫mero, mande uma sauda√ß√£o para ser inscrito"
√â #FAKE que Miriam Leit√£o assaltou banco e que foi anistiada,"Am√©lia foi anistiada pela Lei da Anistia. Acusada de assaltos a ag√™ncias banc√°rias com rev√≥lver 38 na m√£o. N√£o devolveu o dinheiro e nem foi presa. Agora resolve dizer n√£o √† anistia dos patriotas que estavam com a B√≠blia nas m√£os. Am√©lia trabalha na Globo
Foto do julgamento do assalto ao Banco Banespa da Rua Iguatemi, em S√£o Paulo, ocorrido no dia 06/Outubro/1968. A assaltante usava um rev√≥lver calibre 38 e junto com seus comparsas levaram mais de 80 mil cruzeiros, que seria equivalente a R$ 800.000. Algu√©m conhece a assaltante?
Adicione nosso n√∫mero de WhatsApp
+55 (21) 97305-9827
(ap√≥s adicionar o n√∫mero, mande uma sauda√ß√£o para ser inscrito"
√â #FAKE que candidata √† presid√™ncia da OAB-ES teve candidatura cassada; montagem imita apar√™ncia do g1,Candidata √† presid√™ncia da OAB-ES dra Erica Neves tem sua candidatura cassada por tentativa de extors√£o
√â #FAKE que tuberculose seja transmitida por mosca; √°udio falso alarmista circula em Belo Horizonte,"""Na UPA de Venda Nova e em alguns outros hospitais da regi√£o Norte de Belo Horizonte [...] j√° est√£o passando por esse problema de forma muito mais grave, que √© um tipo de tuberculose que ela √© trazida pela mosca. [...] A transmiss√£o √© feita atrav√©s da pele, o mosquito, ele contamina com essa bact√©ria. √â um tipo de tuberculose extremamente dif√≠cil de ser tratada, leva anos de tratamento. [...] Um mosquito acometido dessa bact√©ria, pousa na pele da pessoa e n√£o pica, n√£o √© atrav√©s de picada. [...] Ele simplesmente excreta secre√ß√µes dele, como se fosse o xixi do mosquito [...] e penetra pela pele. Se o mosquito estiver j√° acometido por essa bact√©ria, o cont√°gio √© certo. Tem duas UPAs que est√£o com algumas pessoas em estado grav√≠ssimo, j√° acometido com esse tipo de tuberculose""
(ap√≥s adicionar o n√∫mero, mande uma sauda√ß√£o para ser inscrito)"
√â #FAKE v√≠deo em que Drauzio Varella indica suposto emagrecedor,"√â o fim da bari√°trica. Seca 4kg de banha em 7 dias
Novo medicamento aprovado pela Anvisa chega ao Brasil e promete por fim √† bari√°trica. Vim conferir de perto. Hoje, vim acompanhar o processo de fabrica√ß√£o do Ozempslim, o emagrecedor que come√ßou a ser produzido no Brasil. Ele j√° era muito utilizado por brasileiros, principalmente famosos, que importavam de outros pa√≠ses. Agora come√ßou a ser produzido em Governador Valadares, na cidade de Minas Gerais. E estou aqui para acompanhar todo o processo de produ√ß√£o, j√° que ele √© aprovado pela Anvisa. Ele √© um medicamento inovador, extraforte, com componentes importados dos pa√≠ses mais desenvolvidos do mundo, como a Su√≠√ßa e o Jap√£o. √â um tratamento em gotas, que deve ser utilizado apenas uma vez por dia e vem ajudando milhares de brasileiros a eliminar peso e gorduras localizadas com excelentes resultados. Por ser um tratamento 100% natural e aprovado pela Anvisa, ele n√£o tem contraindica√ß√£o e n√£o causa nenhum efeito colateral. Ele √© indicado para todas as pessoas que querem emagrecer e eliminar gordura, mesmo que tenham algum tipo de doen√ßa. Por exemplo, se voc√™ tem diabetes, press√£o alta ou faz uso de medicamentos controlados, pode tomar sem preocupa√ß√£o. Ele age no organismo, inibindo a fome, reduzindo a ansiedade e n√£o causa o efeito rebote. Ou seja, depois que parar de tomar, voc√™ n√£o engorda de novo. Vou pedir √† produ√ß√£o para deixar o contato do Dr. F√°bio Roberto logo abaixo deste v√≠deo, para que o pessoal de casa possa cham√°-lo e fazer seu pedido. Eles enviam para todo o Brasil. Me disseram que est√£o com uma promo√ß√£o dispon√≠vel esta semana. E, por conta da grande procura, s√£o poucas unidades dispon√≠veis. Uma dica, tome essa decis√£o antes que seja tarde demais
Adicione nosso n√∫mero de WhatsApp
+55 (21) 97305-9827
(ap√≥s adicionar o n√∫mero, mande uma sauda√ß√£o para ser inscrito)"
√â #FAKE que autor de atentado perto do STF foi morto a tiros,"O cara foi na est√°tua e soltou uns roj√µes. Os seguran√ßas mataram ele com um tiro e ele caiu no ch√£o com um roj√£o."" Outra legenda com teor conspirat√≥rio diz: ""A farsa montada por Alexandre de Moraes. Opera√ß√£o de falsa bandeira. Veja quando ele lan√ßa os fogos de artif√≠cio. Ele se preparava para jogar a segunda bomba no teatro preparado. Ele aparenta ter sido surpreendido por tiros a longo alcance com uso de silenciador.
Adicione nosso n√∫mero de WhatsApp
+55 (21) 97305-9827
(ap√≥s adicionar o n√∫mero, mande uma sauda√ß√£o para ser inscrito)"
√â #FAKE v√≠deo que sugere que Trump elogia Lula ap√≥s ser eleito presidente dos EUA,"Lula √© manchete no mundo hoje nesta quarta-feira, 6 de novembro, ap√≥s Donald Trump dizer que Lula √© o maior presidente do mundo e que estar√° aberto para negocia√ß√µes com o presidente brasileiro.""
""Lula √© incr√≠vel. Quero agradecer a ele pelos parab√©ns pela minha vit√≥ria como presidente dos Estados Unidos. Hoje sabemos que o Lula √© um grande estadista que tem governado com muita compet√™ncia. N√£o √© √† toa que o Lula colocou o Brasil entre as maiores economias do mundo em apenas dois anos. Tamb√©m quero repetir esse sucesso aqui na Am√©rica. Estados Unidos e Brasil sempre ser√£o fortes e, unidos, serei presidente (inaud√≠vel) honra. Da mesma forma que o Lula √©, quero adiantar que n√£o haver√° impasse entre mim e o Lula. Vejo alguns meios de comunica√ß√£o dizendo que vou fazer oposi√ß√£o ao Brasil por causa de partido A ou B. Isso n√£o √© verdade. Meu interesse √© que as pessoas tanto no Brasil tanto aqui nos Estados Unidos tenham o direito de terem bons presidentes que d√™ prioridade √†s necessidades do povo.""
""No v√≠deo de hoje o presidente eleito dos Estados Unidos Donald Trump afirma que ter√° boas rela√ß√µes comerciais com o Brasil do presidente Lula, j√° passa esse v√≠deo e marca um amigo nos coment√°rios.
Adicione nosso n√∫mero de WhatsApp
+55 (21) 97305-9827
(ap√≥s adicionar o n√∫mero, mande uma sauda√ß√£o para ser inscrito)"
√â #FAKE que g1 publicou que Trump disse n√£o negociar com Lula,"Donald Trump vence a elei√ß√£o estadunidense e manda um recado para o Brasil: ""Com o Lula eu n√£o negocio'""
Adicione nosso n√∫mero de WhatsApp
+55 (21) 97305-9827
(ap√≥s adicionar o n√∫mero, mande uma sauda√ß√£o para ser inscrito)"
√â #FAKE que Neymar teve anel furtado ao cumprimentar torcedor na Ar√°bia Saudita,"Adicione nosso n√∫mero de WhatsApp
+55 (21) 97305-9827
(ap√≥s adicionar o n√∫mero, mande uma sauda√ß√£o para ser inscrito)"
√â #FAKE que v√≠deo mostre choro de Guga Chacra ap√≥s vit√≥ria de Trump,"Esquerdista vendo que Trump foi eleito novamente presidente dos EUA. O choro √© livre...""
Adicione nosso n√∫mero de WhatsApp
+55 (21) 97305-9827
(ap√≥s adicionar o n√∫mero, mande uma sauda√ß√£o para ser inscrito)"
√â #FAKE que v√≠deo mostre coleta ilegal de c√©dulas na Pensilv√¢nia,"Adicione nosso n√∫mero de WhatsApp
+55 (21) 97305-9827
(ap√≥s adicionar o n√∫mero, mande uma sauda√ß√£o para ser inscrito)"
√â #FAKE v√≠deo que mostra destrui√ß√£o de c√©dulas pr√≥-Trump na Pensilv√¢nia,"Adicione nosso n√∫mero de WhatsApp
+55 (21) 97305-9827
(ap√≥s adicionar o n√∫mero, mande uma sauda√ß√£o para ser inscrito)"
√â #FAKE que o g1 tenha noticiado que a PF investiga esquema de corrup√ß√£o bilion√°rio no Governo de Goi√°s,"VEJA
outras checagens feitas pela equipe do FATO ou FAKE
Adicione nosso n√∫mero de WhatsApp
+55 (21) 97305-9827
(ap√≥s adicionar o n√∫mero, mande uma sauda√ß√£o para ser inscrito)"
√â #FAKE que c√¢ncer de mama n√£o existe,"Esque√ßa o outubro rosa. C√¢ncer de mama n√£o existe
C√¢ncer de mama n√£o existe. Sou a doutora Lana Almeida, m√©dica integrativa e especialista em mastologia e ultrassonografia das mamas. Por isso, venho falar para voc√™s que c√¢ncer de mama n√£o existe. Ent√£o, esque√ßam outubro rosa. Esque√ßam mamografia. Mamografia vai causar inflama√ß√£o nas mamas. Por que eu falo que c√¢ncer de mama n√£o existe? Porque simplesmente existe uma inflama√ß√£o cr√¥nica nas mamas, que pode ser inflama√ß√£o da tireoide, do rim, do f√≠gado, de qualquer lugar. √â c√°lcio nas mamas. Por que o c√°lcio vai para as mamas? Porque ele sai dos ossos pela desmineraliza√ß√£o √≥ssea, pela baixa de testosterona, baixa de horm√¥nio. Testosterona, estradiol e progesterona. Ent√£o, vamos fazer a modula√ß√£o hormonal. Vamos repor esses horm√¥nios com a modula√ß√£o nano"", diz,
Adicione nosso n√∫mero de WhatsApp
+55 (21) 97305-9827
(ap√≥s adicionar o n√∫mero, mande uma sauda√ß√£o para ser inscrito)"
√â #FAKE que crian√ßa atacada por porca no Cear√° vai receber dinheiro por compartilhamento de imagem,Nenhum texto em it√°lico encontrado
√â #FAKE v√≠deo que mostra Kamala Harris b√™bada em conversa com mulheres nas Filipinas,"Kumallah ficando chapada de novo! Se for eleita, s√≥ vai piorar daqui pra frente. Confira esse v√≠deo de KamalaHarris, ela est√° b√™bada ou chapada
Adicione nosso n√∫mero de WhatsApp
+55 (21) 97305-9827
(ap√≥s adicionar o n√∫mero, mande uma sauda√ß√£o para ser inscrito)"
√â #FAKE imagem com suposta an√°lise da TV Verdes Mares e Globo sobre debate entre Andr√© Fernandes (PL) e Evandro Leit√£o (PT),Nenhum texto em it√°lico encontrado
√â #FAKE que Bradesco ligue para pedir senhas ou chave PIX; trata-se de golpe,"Adicione nosso n√∫mero de WhatsApp
+55 (21) 97305-9827
(ap√≥s adicionar o n√∫mero, mande uma sauda√ß√£o para ser inscrito)"
√â #FAKE que show de Lulu Santos tenha ficado vazio e que isso tivesse ocorrido em raz√£o do apoio a Lula e Boulos,Nenhum texto em it√°lico encontrado
